name,team,age,pos,games,gamesStarted,targets,receptions,catchPercentage,yards,yardsPerRec,td,long,recPerGame,yardPerGame,fumbles
JARVIS LANDRY,MIA,24,WR,2,2,23,17,73.9,196,11.5,0,33,8.5,98.0,1
STEFON DIGGS,MIN,23,WR,2,2,20,16,80.0,285,17.8,1,46,8.0,142.5,0
JULIAN EDELMAN,NWE,30,WR,2,2,18,14,77.8,142,10.1,0,19,7.0,71.0,0
LARRY FITZGERALD,ARI,33,WR,2,2,21,14,66.7,162,11.6,3,25,7.0,81.0,0
A.J. GREEN,CIN,28,WR,2,2,21,14,66.7,218,15.6,1,54,7.0,109.0,0
WILLIE SNEAD,NOR,24,WR,2,1,17,14,82.4,226,16.1,2,49,7.0,113.0,1
COLE BEASLEY,DAL,27,WR,2,1,18,13,72.2,140,10.8,0,28,6.5,70.0,0
KELVIN BENJAMIN,CAR,25,WR,2,1,21,13,61.9,199,15.3,3,25,6.5,99.5,0
TRAVIS BENJAMIN,SDG,27,WR,2,2,14,13,92.9,147,11.3,2,45,6.5,73.5,0
BRANDIN COOKS,NOR,23,WR,2,1,18,13,72.2,211,16.2,2,98,6.5,105.5,0
QUINCY ENUNWA,NYJ,24,WR,2,1,14,13,92.9,146,11.2,1,34,6.5,73.0,0
JORDAN MATTHEWS,PHI,24,WR,2,2,23,13,56.5,185,14.2,1,32,6.5,92.5,0
DOUG BALDWIN,SEA,28,WR,2,1,17,12,70.6,112,9.3,1,22,6.0,56.0,0
ODELL BECKHAM,NYG,24,WR,2,2,19,12,63.2,159,13.3,0,45,6.0,79.5,0
ANTONIO BROWN,PIT,28,WR,2,2,22,12,54.5,165,13.8,2,29,6.0,82.5,0
JAMISON CROWDER,WAS,23,WR,2,1,18,12,66.7,97,8.1,1,16,6.0,48.5,1
DEANDRE HOPKINS,HOU,24,WR,2,2,19,12,63.2,167,13.9,2,35,6.0,83.5,0
MARVIN JONES,DET,26,WR,2,2,21,12,57.1,203,16.9,0,47,6.0,101.5,0
DEMARCO MURRAY,TEN,28,RB,2,2,14,12,85.7,91,7.6,2,22,6.0,45.5,1
GREG OLSEN,CAR,31,TE,2,2,17,12,70.6,195,16.3,1,78,6.0,97.5,0
DENNIS PITTA,BAL,31,TE,2,2,16,12,75.0,141,11.8,0,30,6.0,70.5,0
JORDAN REED,WAS,26,TE,2,2,18,12,66.7,134,11.2,0,25,6.0,67.0,0
JASON WITTEN,DAL,34,TE,2,2,18,12,66.7,117,9.8,0,29,6.0,58.5,0
T.J. YELDON,JAX,23,RB,2,2,15,12,80.0,40,3.3,0,11,6.0,20.0,0
GIOVANI BERNARD,CIN,25,"",2,0,15,11,73.3,105,9.5,1,25,5.5,52.5,1
RANDALL COBB,GNB,26,WR,2,2,15,11,73.3,99,9.0,0,32,5.5,49.5,0
AMARI COOPER,OAK,22,WR,2,2,20,11,55.0,208,18.9,0,43,5.5,104.0,2
MICHAEL CRABTREE,OAK,29,WR,2,2,14,11,78.6,118,10.7,1,25,5.5,59.0,0
MIKE EVANS,TAM,23,WR,2,2,24,11,45.8,169,15.4,2,45,5.5,84.5,0
TRAVIS KELCE,KAN,27,TE,2,2,14,11,78.6,108,9.8,0,20,5.5,54.0,0
JEREMY MACLIN,KAN,28,WR,2,2,22,11,50.0,131,11.9,1,22,5.5,65.5,0
JORDY NELSON,GNB,31,WR,2,2,20,11,55.0,105,9.5,2,39,5.5,52.5,0
TAJAE SHARPE,TEN,22,WR,2,2,18,11,61.1,109,9.9,0,17,5.5,54.5,0
STERLING SHEPARD,NYG,22,WR,2,2,12,11,91.7,160,14.5,1,32,5.5,80.0,0
JACOB TAMME,ATL,31,TE,2,2,16,11,68.8,126,11.5,1,19,5.5,63.0,0
KENNY BRITT,LAR,28,WR,2,2,16,10,62.5,161,16.1,0,36,5.0,80.5,0
T.Y. HILTON,IND,27,WR,2,2,23,10,43.5,120,12.0,0,32,5.0,60.0,0
JEREMY KERLEY,SFO,28,WR,2,2,17,10,58.8,90,9.0,0,18,5.0,45.0,0
MICHAEL THOMAS,NOR,23,WR,2,1,11,10,90.9,114,11.4,0,25,5.0,57.0,0
DEANGELO WILLIAMS,PIT,33,RB,2,2,14,10,71.4,66,6.6,1,20,5.0,33.0,0
TAVON AUSTIN,LAR,25,WR,2,2,21,9,42.9,63,7.0,0,27,4.5,31.5,0
ERIC EBRON,DET,23,TE,2,2,12,9,75.0,99,11.0,1,29,4.5,49.5,0
WILL FULLER,HOU,22,WR,2,2,18,9,50.0,211,23.4,1,53,4.5,105.5,0
ADAM HUMPHRIES,TAM,23,WR,2,2,13,9,69.2,101,11.2,0,26,4.5,50.5,0
ALLEN HURNS,JAX,25,WR,2,2,15,9,60.0,139,15.4,0,38,4.5,69.5,0
DESEAN JACKSON,WAS,30,WR,2,2,15,9,60.0,142,15.8,0,33,4.5,71.0,0
ALSHON JEFFERY,CHI,26,WR,2,2,13,9,69.2,201,22.3,0,54,4.5,100.5,0
JULIO JONES,ATL,27,WR,2,2,13,9,69.2,172,19.1,2,48,4.5,86.0,0
BRANDON MARSHALL,NYJ,32,WR,2,2,17,9,52.9,133,14.8,0,37,4.5,66.5,0
THEO RIDDICK,DET,25,"",2,0,10,9,90.0,91,10.1,1,19,4.5,45.5,0
ALLEN ROBINSON,JAX,23,WR,2,2,20,9,45.0,126,14.0,0,35,4.5,63.0,1
GOLDEN TATE,DET,28,WR,2,2,16,9,56.3,54,6.0,0,11,4.5,27.0,0
DEMARYIUS THOMAS,DEN,29,WR,2,2,13,9,69.2,138,15.3,0,44,4.5,69.0,0
JULIUS THOMAS,JAX,28,TE,2,2,12,9,75.0,135,15.0,1,24,4.5,67.5,0
CLIVE WALFORD,OAK,25,"",2,0,12,9,75.0,75,8.3,1,31,4.5,37.5,0
DELANIE WALKER,TEN,32,TE,2,1,11,9,81.8,125,13.9,1,32,4.5,62.5,0
SPENCER WARE,KAN,25,RB,2,2,11,9,81.8,177,19.7,0,45,4.5,88.5,1
NELSON AGHOLOR,PHI,23,WR,2,2,12,8,66.7,99,12.4,1,35,4.0,49.5,0
MARTELLUS BENNETT,NWE,29,TE,2,2,11,8,72.7,128,16.0,1,37,4.0,64.0,0
TYLER BOYD,CIN,22,"",2,0,11,8,72.7,102,12.8,0,29,4.0,51.0,1
DEZ BRYANT,DAL,28,WR,2,2,17,8,47.1,110,13.8,0,21,4.0,55.0,0
VICTOR CRUZ,NYG,30,WR,2,2,12,8,66.7,125,15.6,1,40,4.0,62.5,1
ERIC DECKER,NYJ,29,WR,2,2,15,8,53.3,163,20.4,2,35,4.0,81.5,0
PIERRE GARCON,WAS,30,WR,2,2,13,8,61.5,76,9.5,0,19,4.0,38.0,0
JESSE JAMES,PIT,22,TE,2,2,12,8,66.7,60,7.5,1,11,4.0,30.0,0
LESEAN MCCOY,BUF,28,RB,2,2,9,8,88.9,43,5.4,0,10,4.0,21.5,0
DEVANTE PARKER,MIA,23,WR,1,1,13,8,61.5,106,13.3,0,28,8.0,106.0,0
QUINTON PATTON,SFO,26,WR,2,2,11,8,72.7,85,10.6,0,35,4.0,42.5,1
EDDIE ROYAL,CHI,30,"",2,0,12,8,66.7,109,13.6,1,31,4.0,54.5,0
EMMANUEL SANDERS,DEN,29,WR,2,2,16,8,50.0,88,11.0,0,19,4.0,44.0,0
MOHAMED SANU,ATL,27,WR,2,2,13,8,61.5,99,12.4,1,59,4.0,49.5,0
STEVE SMITH,BAL,37,WR,2,2,14,8,57.1,83,10.4,0,31,4.0,41.5,0
ADAM THIELEN,MIN,26,WR,2,1,10,8,80.0,95,11.9,0,21,4.0,47.5,1
DANNY AMENDOLA,NWE,31,"",2,0,8,7,87.5,98,14.0,2,32,3.5,49.0,1
C.J. ANDERSON,DEN,25,RB,2,2,10,7,70.0,66,9.4,1,25,3.5,33.0,0
ANQUAN BOLDIN,DET,36,WR,2,2,10,7,70.0,83,11.9,1,24,3.5,41.5,0
JORDAN CAMERON,MIA,28,TE,2,2,10,7,70.0,55,7.9,1,13,3.5,27.5,0
CHARLES CLAY,BUF,27,TE,2,2,10,7,70.0,67,9.6,0,33,3.5,33.5,0
COREY COLEMAN,CLE,22,WR,2,2,13,7,53.8,173,24.7,2,58,3.5,86.5,0
TEVIN COLEMAN,ATL,23,"",2,0,8,7,87.5,120,17.1,0,47,3.5,60.0,0
JACK DOYLE,IND,26,TE,2,2,9,7,77.8,72,10.3,2,22,3.5,36.0,0
JOSH FERGUSON,IND,23,"",2,0,7,7,100.0,55,7.9,0,14,3.5,27.5,0
MATT FORTE,NYJ,31,RB,2,2,10,7,70.0,68,9.7,0,24,3.5,34.0,0
FRANK GORE,IND,33,RB,2,2,9,7,77.8,38,5.4,1,8,3.5,19.0,0
VIRGIL GREEN,DEN,28,TE,2,1,8,7,87.5,74,10.6,0,18,3.5,37.0,0
CHRIS HOGAN,NWE,28,WR,2,2,10,7,70.0,119,17.0,1,37,3.5,59.5,0
DAVID JOHNSON,ARI,25,RB,2,2,11,7,63.6,141,20.1,0,58,3.5,70.5,0
DUKE JOHNSON,CLE,23,"",2,0,10,7,70.0,72,10.3,0,28,3.5,36.0,0
JERMAINE KEARSE,SEA,26,WR,2,1,13,7,53.8,68,9.7,0,24,3.5,34.0,0
BRANDON LAFELL,CIN,30,WR,2,2,12,7,58.3,130,18.6,0,49,3.5,65.0,0
MARQISE LEE,JAX,25,"",2,0,11,7,63.6,97,13.9,0,22,3.5,48.5,0
TYLER LOCKETT,SEA,24,WR,2,2,12,7,58.3,116,16.6,0,53,3.5,58.0,0
RISHARD MATTHEWS,TEN,27,WR,2,1,10,7,70.0,66,9.4,0,20,3.5,33.0,0
ZACH MILLER,CHI,32,TE,2,1,9,7,77.8,47,6.7,0,12,3.5,23.5,0
DONTE MONCRIEF,IND,23,WR,2,1,10,7,70.0,73,10.4,1,32,3.5,36.5,0
LATAVIUS MURRAY,OAK,26,RB,2,2,8,7,87.5,57,8.1,0,13,3.5,28.5,0
ELI ROGERS,PIT,"",WR,2,2,10,7,70.0,68,9.7,1,20,3.5,34.0,0
KYLE RUDOLPH,MIN,27,TE,2,2,16,7,43.8,96,13.7,1,21,3.5,48.0,0
MIKE WALLACE,BAL,30,WR,2,2,12,7,58.3,132,18.9,3,66,3.5,66.0,0
CHARCANDRICK WEST,KAN,25,"",2,0,8,7,87.5,26,3.7,0,7,3.5,13.0,0
JAMES WHITE,NWE,24,"",2,0,11,7,63.6,50,7.1,0,21,3.5,25.0,0
KEVIN WHITE,CHI,24,WR,2,2,13,7,53.8,70,10.0,0,19,3.5,35.0,0
DAVANTE ADAMS,GNB,24,WR,2,2,14,6,42.9,76,12.7,1,29,3.0,38.0,1
DWAYNE ALLEN,IND,26,TE,2,2,10,6,60.0,78,13.0,1,19,3.0,39.0,0
KEENAN ALLEN,SDG,24,WR,1,1,7,6,85.7,63,10.5,0,15,6.0,63.0,0
CAMERON BRATE,TAM,25,"",2,0,7,6,85.7,46,7.7,0,17,3.0,23.0,0
CHRIS CONLEY,KAN,24,WR,2,1,11,6,54.5,58,9.7,0,13,3.0,29.0,0
VERNON DAVIS,WAS,32,TE,2,1,6,6,100.0,71,11.8,0,32,3.0,35.5,0
ZACH ERTZ,PHI,26,TE,1,1,7,6,85.7,58,9.7,0,15,6.0,58.0,0
ANTONIO GATES,SDG,36,TE,2,1,9,6,66.7,35,5.8,1,8,3.0,17.5,0
MARK INGRAM,NOR,27,RB,2,2,6,6,100.0,46,7.7,0,20,3.0,23.0,0
VINCENT JACKSON,TAM,33,WR,2,2,16,6,37.5,62,10.3,0,15,3.0,31.0,0
LANCE KENDRICKS,LAR,28,TE,2,2,9,6,66.7,76,12.7,0,44,3.0,38.0,0
LAMAR MILLER,HOU,25,RB,2,2,6,6,100.0,25,4.2,0,9,3.0,12.5,1
TERRELLE PRYOR,CLE,27,WR,2,2,17,6,35.3,100,16.7,0,44,3.0,50.0,0
THOMAS RAWLS,SEA,23,RB,2,1,6,6,100.0,41,6.8,0,11,3.0,20.5,0
CHARLES SIMS,TAM,26,"",2,0,8,6,75.0,36,6.0,1,23,3.0,18.0,0
SHANE VEREEN,NYG,27,"",2,0,8,6,75.0,47,7.8,0,12,3.0,23.5,1
SAMMY WATKINS,BUF,23,WR,2,2,11,6,54.5,63,10.5,0,19,3.0,31.5,0
DANNY WOODHEAD,SDG,31,RB,2,1,8,6,75.0,35,5.8,1,12,3.0,17.5,0
AMEER ABDULLAH,DET,23,RB,2,2,5,5,100.0,57,11.4,1,18,2.5,28.5,0
STEPHEN ANDERSON,HOU,23,"",2,0,6,5,83.3,40,8.0,0,12,2.5,20.0,0
TREY BURTON,PHI,25,"",1,0,7,5,71.4,49,9.8,1,14,5.0,49.0,0
TRAVARIS CADET,NOR,27,"",2,0,10,5,50.0,31,6.2,1,10,2.5,15.5,0
JARED COOK,GNB,29,TE,2,2,8,5,62.5,38,7.6,0,14,2.5,19.0,0
LARRY DONNELL,NYG,28,TE,2,2,7,5,71.4,39,7.8,1,15,2.5,19.5,0
PHILLIP DORSETT,IND,23,"",2,0,11,5,45.5,124,24.8,0,51,2.5,62.0,0
MICHAEL FLOYD,ARI,27,WR,2,2,13,5,38.5,69,13.8,1,39,2.5,34.5,0
JUSTIN FORSETT,BAL,31,RB,2,2,7,5,71.4,24,4.8,0,10,2.5,12.0,0
CARLOS HYDE,SFO,25,RB,2,2,6,5,83.3,23,4.6,0,13,2.5,11.5,1
DOUG MARTIN,TAM,27,RB,2,2,5,5,100.0,34,6.8,0,14,2.5,17.0,0
CHRISTINE MICHAEL,SEA,26,RB,2,1,8,5,62.5,31,6.2,0,13,2.5,15.5,1
SETH ROBERTS,OAK,25,"",2,0,10,5,50.0,44,8.8,1,14,2.5,22.0,0
TORREY SMITH,SFO,27,WR,2,2,16,5,31.3,68,13.6,1,28,2.5,34.0,0
CHRIS THOMPSON,WAS,26,"",2,0,6,5,83.3,73,14.6,0,38,2.5,36.5,0
WILL TYE,NYG,25,"",2,0,6,5,83.3,26,5.2,0,7,2.5,13.0,0
C.J. UZOMAH,CIN,23,TE,2,2,13,5,38.5,68,13.6,0,54,2.5,34.0,0
TYRELL WILLIAMS,SDG,24,"",2,0,11,5,45.5,132,26.4,1,44,2.5,66.0,0
ALBERT WILSON,KAN,24,WR,2,1,8,5,62.5,12,2.4,0,7,2.5,6.0,0
ROBERT WOODS,BUF,24,WR,2,2,7,5,71.4,30,6.0,0,10,2.5,15.0,0
JAY AJAYI,MIA,23,"",1,0,4,4,100.0,31,7.8,0,11,4.0,31.0,1
GARY BARNIDGE,CLE,31,TE,2,2,7,4,57.1,37,9.3,0,14,2.0,18.5,0
COREY BROWN,CAR,25,"",2,0,8,4,50.0,26,6.5,0,11,2.0,13.0,0
SAMMIE COATES,PIT,23,WR,2,2,8,4,50.0,153,38.3,0,53,2.0,76.5,0
DARREN FELLS,ARI,30,TE,2,1,5,4,80.0,31,7.8,0,11,2.0,15.5,0
DEVONTA FREEMAN,ATL,24,RB,2,2,4,4,100.0,20,5.0,0,11,2.0,10.0,0
JIMMY GRAHAM,SEA,30,TE,2,1,5,4,80.0,53,13.3,0,17,2.0,26.5,0
DORIAL GREEN-BECKHAM,PHI,23,WR,2,1,6,4,66.7,32,8.0,0,9,2.0,16.0,0
JERMAINE GRESHAM,ARI,28,TE,2,1,5,4,80.0,41,10.3,0,15,2.0,20.5,0
AUSTIN HOOPER,ATL,22,"",2,0,4,4,100.0,98,24.5,0,44,2.0,49.0,0
ANDRE JOHNSON,TEN,35,"",2,0,8,4,50.0,39,9.8,1,16,2.0,19.5,0
MARCEDES LEWIS,JAX,32,TE,2,2,5,4,80.0,65,16.3,1,37,2.0,32.5,0
BRIAN QUICK,LAR,27,WR,2,1,6,4,66.7,31,7.8,0,15,2.0,15.5,0
PAUL RICHARDSON,SEA,24,"",2,0,8,4,50.0,46,11.5,0,14,2.0,23.0,0
GREG SALAS,BUF,28,WR,2,1,6,4,66.7,89,22.3,1,71,2.0,44.5,0
LEE SMITH,OAK,29,TE,2,2,4,4,100.0,24,6.0,0,12,2.0,12.0,0
DARREN SPROLES,PHI,33,RB,2,1,7,4,57.1,32,8.0,0,15,2.0,16.0,0
FOZZY WHITTAKER,CAR,27,"",2,0,5,4,80.0,35,8.8,0,24,2.0,17.5,1
JARON BROWN,ARI,26,WR,2,1,4,3,75.0,96,32.0,1,51,1.5,48.0,0
ISAIAH CROWELL,CLE,23,RB,2,2,3,3,100.0,31,10.3,0,15,1.5,15.5,0
LANCE DUNBAR,DAL,26,"",2,0,4,3,75.0,42,14.0,0,16,1.5,21.0,0
ANDRE ELLINGTON,ARI,27,"",2,0,3,3,100.0,17,5.7,0,12,1.5,8.5,0
EZEKIEL ELLIOTT,DAL,21,RB,2,2,3,3,100.0,5,1.7,0,3,1.5,2.5,2
COBY FLEENER,NOR,28,TE,2,1,12,3,25.0,35,11.7,0,21,1.5,17.5,0
ARIAN FOSTER,MIA,30,RB,2,2,5,3,60.0,62,20.7,0,50,1.5,31.0,1
DEVIN FUNCHESS,CAR,22,WR,2,2,8,3,37.5,28,9.3,1,16,1.5,14.0,0
TED GINN,CAR,31,"",2,0,5,3,60.0,56,18.7,0,52,1.5,28.0,1
MELVIN GORDON,SDG,23,RB,2,1,3,3,100.0,18,6.0,0,11,1.5,9.0,0
RYAN GRIFFIN,HOU,26,"",2,0,4,3,75.0,22,7.3,0,12,1.5,11.0,0
ANDREW HAWKINS,CLE,30,"",2,0,6,3,50.0,28,9.3,0,16,1.5,14.0,0
DERRICK HENRY,TEN,22,RB,2,1,3,3,100.0,50,16.7,0,29,1.5,25.0,0
JEREMY HILL,CIN,24,HB,2,2,5,3,60.0,37,12.3,0,25,1.5,18.5,0
TYREEK HILL,KAN,22,"",2,0,3,3,100.0,17,5.7,1,9,1.5,8.5,0
RASHAD JENNINGS,NYG,31,RB,2,2,4,3,75.0,16,5.3,0,7,1.5,8.0,0
CHARLES JOHNSON,MIN,27,WR,2,2,8,3,37.5,20,6.7,0,10,1.5,10.0,0
KYLE JUSZCZYK,BAL,25,FB,2,1,5,3,60.0,29,9.7,0,12,1.5,14.5,0
TYLER KROFT,CIN,24,"",2,0,4,3,75.0,35,11.7,0,21,1.5,17.5,0
JEREMY LANGFORD,CHI,25,RB,2,2,6,3,50.0,12,4.0,0,6,1.5,6.0,1
JALIN MARSHALL,NYJ,21,"",2,0,4,3,75.0,45,15.0,0,27,1.5,22.5,1
VANCE MCDONALD,SFO,26,TE,2,2,5,3,60.0,89,29.7,2,75,1.5,44.5,0
MALCOLM MITCHELL,NWE,24,WR,2,1,7,3,42.9,48,16.0,0,28,1.5,24.0,0
JORDAN NORWOOD,DEN,30,WR,2,2,5,3,60.0,24,8.0,0,9,1.5,12.0,0
BRESHAD PERRIMAN,BAL,23,"",2,0,7,3,42.9,67,22.3,0,35,1.5,33.5,0
BILAL POWELL,NYJ,28,"",2,0,6,3,50.0,8,2.7,0,7,1.5,4.0,0
JALEN RICHARD,OAK,23,"",2,0,3,3,100.0,21,7.0,0,10,1.5,10.5,0
ALDRICK ROBINSON,ATL,28,"",2,0,4,3,75.0,39,13.0,0,20,1.5,19.5,0
RICHARD RODGERS,GNB,24,"",2,0,5,3,60.0,47,15.7,0,22,1.5,23.5,0
AUSTIN SEFERIAN-JENKINS,TAM,24,"",2,0,3,3,100.0,44,14.7,1,30,1.5,22.0,0
KENNY STILLS,MIA,24,WR,2,2,9,3,33.3,55,18.3,1,24,1.5,27.5,0
GEOFF SWAIM,DAL,25,TE,2,1,3,3,100.0,50,16.7,0,28,1.5,25.0,0
TERRANCE WEST,BAL,25,"",2,0,5,3,60.0,21,7.0,0,15,1.5,10.5,0
TERRANCE WILLIAMS,DAL,27,WR,2,2,4,3,75.0,34,11.3,0,14,1.5,17.0,0
LUKE WILLSON,SEA,26,TE,2,2,5,3,60.0,32,10.7,0,19,1.5,16.0,0
KAMAR AIKEN,BAL,27,"",2,0,3,2,66.7,14,7.0,0,16,1.0,7.0,0
JOHN BROWN,ARI,26,"",2,0,7,2,28.6,22,11.0,0,14,1.0,11.0,0
LEONTE CARROO,MIA,22,WR,2,1,2,2,100.0,14,7.0,0,12,1.0,7.0,0
GARRETT CELEK,SFO,28,"",2,0,6,2,33.3,27,13.5,0,15,1.0,13.5,0
BRANDON COLEMAN,NOR,24,"",2,0,4,2,50.0,15,7.5,0,10,1.0,7.5,0
BENNY CUNNINGHAM,LAR,26,"",2,0,3,2,66.7,14,7.0,0,7,1.0,7.0,0
JOSH DOCTSON,WAS,24,"",2,0,6,2,33.3,66,33.0,0,57,1.0,33.0,0
HARRY DOUGLAS,TEN,32,"",2,0,5,2,40.0,21,10.5,0,16,1.0,10.5,0
KENYAN DRAKE,MIA,22,"",2,0,2,2,100.0,6,3.0,0,4,1.0,3.0,0
SHAUN DRAUGHN,SFO,29,"",2,0,3,2,66.7,18,9.0,0,11,1.0,9.0,1
C.J. FIEDOROWICZ,HOU,25,TE,2,2,3,2,66.7,7,3.5,0,6,1.0,3.5,0
TAYLOR GABRIEL,ATL,25,"",1,0,2,2,100.0,19,9.5,0,11,2.0,19.0,0
MIKE GILLISLEE,BUF,26,"",2,0,2,2,100.0,14,7.0,1,18,1.0,7.0,0
CROCKETT GILLMORE,BAL,25,TE,2,1,4,2,50.0,27,13.5,0,22,1.0,13.5,0
MARQUISE GOODWIN,BUF,26,"",2,0,5,2,40.0,112,56.0,1,84,1.0,56.0,0
RASHAD GREENE,JAX,24,"",2,0,5,2,40.0,16,8.0,0,9,1.0,8.0,0
XAVIER GRIMBLE,PIT,24,"",2,0,4,2,50.0,26,13.0,1,20,1.0,13.0,0
TODD GURLEY,LAR,22,RB,2,2,4,2,50.0,14,7.0,0,19,1.0,7.0,0
JUSTIN HARDY,ATL,25,WR,2,1,5,2,40.0,8,4.0,1,8,1.0,4.0,0
DEMETRIUS HARRIS,KAN,25,TE,2,1,4,2,50.0,20,10.0,0,13,1.0,10.0,0
JORDAN HOWARD,CHI,22,"",1,0,2,2,100.0,9,4.5,0,7,2.0,9.0,0
DONTRELLE INMAN,SDG,27,WR,2,2,6,2,33.3,13,6.5,0,7,1.0,6.5,0
MALCOLM JOHNSON,CLE,24,FB,2,1,2,2,100.0,9,4.5,0,6,1.0,4.5,0
MATT JONES,WAS,23,RB,2,2,2,2,100.0,13,6.5,0,9,1.0,6.5,0
TAIWAN JONES,OAK,28,"",2,0,2,2,100.0,17,8.5,0,16,1.0,8.5,0
JOHN KUHN,NOR,34,"",2,0,3,2,66.7,8,4.0,0,5,1.0,4.0,0
CODY LATIMER,DEN,24,WR,2,1,2,2,100.0,12,6.0,0,8,1.0,6.0,0
JERICK MCKINNON,MIN,24,"",2,0,3,2,66.7,2,1.0,0,3,1.0,1.0,0
BRAXTON MILLER,HOU,24,WR,2,2,6,2,33.3,9,4.5,0,6,1.0,4.5,0
CHRIS MOORE,BAL,23,"",2,0,4,2,50.0,22,11.0,0,13,1.0,11.0,0
JAMIZE OLAWALE,OAK,27,FB,2,2,2,2,100.0,28,14.0,0,15,1.0,14.0,0
ADRIAN PETERSON,MIN,31,RB,2,2,5,2,40.0,7,3.5,0,7,1.0,3.5,0
RUSSELL SHEPARD,TAM,26,"",2,0,2,2,100.0,16,8.0,0,10,1.0,8.0,0
JAMES STARKS,GNB,30,"",2,0,2,2,100.0,22,11.0,0,16,1.0,11.0,0
JONATHAN STEWART,CAR,29,RB,2,2,3,2,66.7,7,3.5,0,7,1.0,3.5,0
LEVINE TOILOLO,ATL,25,"",2,0,2,2,100.0,21,10.5,0,16,1.0,10.5,0
ROBERT TURBIN,IND,27,"",2,0,3,2,66.7,15,7.5,0,12,1.0,7.5,0
DEANDRE WASHINGTON,OAK,23,"",2,0,2,2,100.0,16,8.0,0,10,1.0,8.0,0
JAMES WRIGHT,CIN,25,"",2,0,2,2,100.0,17,8.5,0,10,1.0,8.5,0
JARED ABBREDERIS,GNB,26,"",2,0,1,1,100.0,8,8.0,0,8,0.5,4.0,0
MATT ASIATA,MIN,29,"",2,0,1,1,100.0,11,11.0,0,11,0.5,5.5,0
BLAKE BELL,SFO,25,"",2,0,2,1,50.0,6,6.0,0,6,0.5,3.0,0
ARRELIOUS BENN,JAX,28,"",2,0,2,1,50.0,9,9.0,0,9,0.5,4.5,0
KAPRI BIBBS,DEN,23,"",2,0,2,1,50.0,6,6.0,0,6,0.5,3.0,0
DEVONTAE BOOKER,DEN,24,"",2,0,1,1,100.0,5,5.0,0,5,0.5,2.5,1
QUAN BRAY,IND,23,"",2,0,1,1,100.0,7,7.0,0,7,0.5,3.5,0
MALCOLM BROWN,LAR,"","",2,0,1,1,100.0,8,8.0,0,8,0.5,4.0,0
BRICE BUTLER,DAL,26,"",2,0,3,1,33.3,16,16.0,0,16,0.5,8.0,0
KA'DEEM CAREY,CHI,24,"",2,0,1,1,100.0,3,3.0,0,3,0.5,1.5,0
BRENT CELEK,PHI,31,TE,2,1,2,1,50.0,11,11.0,0,11,0.5,5.5,0
ORLEANS DARKWA,NYG,24,"",2,0,1,1,100.0,3,3.0,0,3,0.5,1.5,0
MIKE DAVIS,SFO,23,"",2,0,1,1,100.0,10,10.0,0,10,0.5,5.0,0
PATRICK DIMARCO,ATL,27,FB,2,1,1,1,100.0,8,8.0,0,8,0.5,4.0,0
ALEX ERICKSON,CIN,24,"",2,0,1,1,100.0,20,20.0,0,20,0.5,10.0,0
TYLER ERVIN,HOU,23,"",2,0,2,1,50.0,5,5.0,0,5,0.5,2.5,0
ANTHONY FASANO,TEN,32,TE,2,1,3,1,33.3,1,1.0,0,1,0.5,0.5,0
D.J. FOSTER,NWE,23,"",1,0,2,1,50.0,2,2.0,0,2,1.0,2.0,0
BLAINE GABBERT,SFO,27,QB,2,2,1,1,100.0,-16,-16.0,0,-16,0.5,-8.0,0
JIMMY GAROPPOLO,NWE,25,QB,2,2,1,1,100.0,3,3.0,0,3,0.5,1.5,2
COREY GRANT,JAX,25,"",2,0,1,1,100.0,15,15.0,1,15,0.5,7.5,0
RYAN GRANT,WAS,26,"",2,0,2,1,50.0,5,5.0,0,5,0.5,2.5,0
JONATHAN GRIMES,HOU,27,"",2,0,3,1,33.3,13,13.0,0,13,0.5,6.5,0
HUNTER HENRY,SDG,22,TE,2,1,2,1,50.0,20,20.0,0,20,0.5,10.0,0
DARRIUS HEYWARD-BEY,PIT,29,"",2,0,2,1,50.0,7,7.0,0,7,0.5,3.5,0
TYLER HIGBEE,LAR,23,"",2,0,4,1,25.0,2,2.0,0,2,0.5,1.0,0
TIM HIGHTOWER,NOR,30,"",2,0,1,1,100.0,1,1.0,0,1,0.5,0.5,0
ANDRE HOLMES,OAK,28,"",2,0,4,1,25.0,6,6.0,1,6,0.5,3.0,0
JOHNNY HOLTON,OAK,25,"",2,0,1,1,100.0,4,4.0,0,4,0.5,2.0,0
JOSH HUFF,PHI,25,WR,2,1,4,1,25.0,-1,-1.0,0,-1,0.5,-0.5,0
ANDY JANOVICH,DEN,23,"",2,0,1,1,100.0,11,11.0,0,11,0.5,5.5,0
DAVID JOHNSON,PIT,29,"",2,0,1,1,100.0,5,5.0,0,5,0.5,2.5,0
EDDIE LACY,GNB,26,RB,2,2,3,1,33.3,17,17.0,0,17,0.5,8.5,0
TOMMYLEE LEWIS,NOR,24,"",1,0,1,1,100.0,-1,-1.0,0,-1,1.0,-1.0,0
RYAN MATHEWS,PHI,29,RB,2,1,1,1,100.0,3,3.0,0,3,0.5,1.5,0
BRANDON MYERS,TAM,31,"",2,0,1,1,100.0,4,4.0,1,4,0.5,2.0,0
JJ NELSON,ARI,24,"",1,0,2,1,50.0,11,11.0,0,11,1.0,11.0,0
CORDARRELLE PATTERSON,MIN,25,"",2,0,1,1,100.0,6,6.0,0,6,0.5,3.0,0
NILES PAUL,WAS,27,"",2,0,1,1,100.0,16,16.0,0,16,0.5,8.0,0
C.J. PROSISE,SEA,22,"",1,0,1,1,100.0,13,13.0,0,13,1.0,13.0,0
ANDRE ROBERTS,DET,28,"",2,0,1,1,100.0,8,8.0,0,8,0.5,4.0,0
DENARD ROBINSON,JAX,26,"",2,0,2,1,50.0,7,7.0,0,7,0.5,3.5,0
CECIL SHORTS,TAM,29,"",2,0,2,1,50.0,12,12.0,0,12,0.5,6.0,0
DION SIMS,MIA,25,"",2,0,1,1,100.0,21,21.0,0,21,0.5,10.5,0
KEITH SMITH,DAL,24,"",2,0,2,1,50.0,5,5.0,0,5,0.5,2.5,0
ROD STREATER,SFO,28,"",2,0,2,1,50.0,13,13.0,0,13,0.5,6.5,0
PHILLIP SUPERNAW,TEN,26,"",2,0,1,1,100.0,7,7.0,0,7,0.5,3.5,0
JORDAN TAYLOR,DEN,24,"",2,0,1,1,100.0,20,20.0,0,20,0.5,10.0,0
MIKE TOLBERT,CAR,31,"",2,0,2,1,50.0,1,1.0,0,1,0.5,0.5,0
FITZGERALD TOUSSAINT,PIT,26,"",2,0,1,1,100.0,9,9.0,0,9,0.5,4.5,0
COLE WICK,DET,23,"",1,0,1,1,100.0,5,5.0,0,5,1.0,5.0,0
DAMIEN WILLIAMS,MIA,24,"",1,0,2,1,50.0,29,29.0,0,29,1.0,29.0,0
